Domain,F-statistic,p-value,Significant (p<0.05),Levene p-value,Equal Variance
Economic Security,257.0269030079139,2.2275396309560167e-205,Yes,2.8045741075005454e-184,No
Healthcare Access,40.92465459250831,6.309341638942e-34,Yes,7.611109854852204e-36,No
Physical Environment,15.558080970169927,1.130454116089074e-12,Yes,2.8255264727068307e-65,No
Social Context,168.17143134608074,2.9498594550768926e-137,Yes,3.0034458097083057e-71,No
Health Behaviors,160.0132852442194,7.727540885876422e-131,Yes,4.812322787270963e-07,No
Health Outcomes,408.46847713287036,1.684052242e-314,Yes,0.09338749588509224,Yes
Education,523.766435423813,0.0,Yes,1.4103015173871525e-29,No
