Domain,F-statistic,p-value,Significant (p<0.05),Levene p-value,Equal Variance
Economic Security,257.02690300791346,2.2275396309580426e-205,Yes,2.8045741075005454e-184,No
Healthcare Access,46.259897792399734,2.1768010808335e-38,Yes,2.1768010808343973e-38,No
Physical Environment,15.558080970169922,1.130454116089074e-12,Yes,2.8255264727068307e-65,No
Social Context,168.1714313460811,2.9498594550743775e-137,Yes,3.0034458097083057e-71,No
Health Behaviors,160.01328524421936,7.727540885876422e-131,Yes,4.812322787270963e-07,No
Health Outcomes,408.4684771328698,1.684052242e-314,Yes,0.09338749588509224,Yes
