Community Type,N,Economic Security Mean,Economic Security SD,Healthcare Access Mean,Healthcare Access SD,Physical Environment Mean,Physical Environment SD,Social Context Mean,Social Context SD,Health Behaviors Mean,Health Behaviors SD,Health Outcomes Mean,Health Outcomes SD,Education Mean,Education SD
Bangkok Average (Full Survey),6523,69.00153146818498,11.979290230555923,88.73217844550054,20.963672234132336,62.80788492002657,16.200844886595675,89.3029408758751,12.370359513220142,58.52461801829425,20.01873849943798,57.06538402575502,39.13284086203434,63.66625785681435,16.602974481415224
