Indicator,Suburban,Housing Estate,High-rise,Urban,Crowded,Mean,Std Dev,Min,Max,Range
Chronic Disease Prevalence (%),40.19607843137255,42.30769230769231,36.76470588235294,54.10526315789473,59.90888382687927,46.65652472123836,8.827304409946036,36.76470588235294,59.90888382687927,23.144177944526326
Multiple Chronic Diseases (%),19.607843137254903,19.230769230769234,14.705882352941178,28.315789473684212,32.80182232346242,22.932421303622387,6.615386919971874,14.705882352941178,32.80182232346242,18.09593997052124
