Indicator,Bangkok Avg,Suburban Community,Housing Estate,High-rise/Condo,Urban Community,Crowded Community,Gap
Unemployment Rate (%),37.06883335888395,54.35992578849722,41.17647058823529,30.476190476190478,46.62062160828811,45.13618677042802,6.485045687443872
Vulnerable Employment (%),57.61266747868453,79.67479674796748,83.33333333333334,89.04109589041096,82.34750462107209,84.70111448834852,26.206901537541953
Food Insecurity - Moderate (%),9.136900199294804,6.122448979591836,1.9607843137254901,4.761904761904762,4.982733103108041,5.892162312395775,-4.392893505149623
Food Insecurity - Severe (%),5.6109152230568755,4.638218923933209,1.9607843137254901,3.8095238095238098,2.9107054760730144,4.280155642023346,-2.0910375900011013
Work Injury Rate (%),5.902192242833052,2.5974025974025974,0.0,3.8095238095238098,4.588061174148988,5.558643690939411,-2.591465988430091
Average Monthly Income (Baht),23095.942906574393,23404.276315789473,15301.818181818182,16295.0,44117152.51455026,15999.688701923076,8814534.716643382
Catastrophic Health Spending (%),10.438292964244521,26.31578947368421,4.545454545454546,17.857142857142858,16.402116402116402,10.45673076923077,4.677153845281238
