Indicator,Suburban,Housing Estate,High-rise,Urban,Crowded,Mean,Std Dev,Min,Max,Range
Unemployment Rate (%),73.93939393939394,58.82352941176471,59.183673469387756,61.16642958748222,59.756097560975604,62.57382479380085,5.7385425237349725,58.82352941176471,73.93939393939394,15.115864527629228
Vulnerable Employment (%),89.53488372093024,85.71428571428571,85.0,86.63003663003663,91.55844155844156,87.68752952473884,2.475135341876509,85.0,91.55844155844156,6.558441558441558
Food Insecurity - Moderate (%),5.454545454545454,0.0,8.16326530612245,3.627311522048364,5.487804878048781,4.54658543215301,2.6947045245086105,0.0,8.16326530612245,8.16326530612245
Food Insecurity - Severe (%),4.545454545454546,0.0,6.122448979591836,2.275960170697013,3.8327526132404177,3.3553232617967623,2.084445003814042,0.0,6.122448979591836,6.122448979591836
Average Monthly Income (Baht),21679.23076923077,11876.363636363636,10816.0,91351265.23287672,15226.538461538461,18282172.67314877,36534546.47662577,10816.0,91351265.23287672,91340449.23287672
Catastrophic Health Spending (%),30.76923076923077,9.090909090909092,20.0,22.73972602739726,10.256410256410255,18.571255228789475,8.089767333045305,9.090909090909092,30.76923076923077,21.67832167832168
