Indicator,Suburban,Housing Estate,High-rise,Urban,Crowded,Mean,Std Dev,Min,Max,Range
Unemployment Rate (%),73.93939393939394,58.82352941176471,59.183673469387756,61.16642958748222,59.756097560975604,62.57382479380085,5.7385425237349725,58.82352941176471,73.93939393939394,15.115864527629228
Vulnerable Employment (%),89.53488372093024,85.71428571428571,85.0,86.63003663003663,91.55844155844156,87.68752952473884,2.475135341876509,85.0,91.55844155844156,6.558441558441558
Food Insecurity - Moderate (%),5.454545454545454,0.0,8.16326530612245,3.627311522048364,5.487804878048781,4.54658543215301,2.6947045245086105,0.0,8.16326530612245,8.16326530612245
Food Insecurity - Severe (%),4.545454545454546,0.0,6.122448979591836,2.275960170697013,3.8327526132404177,3.3553232617967623,2.084445003814042,0.0,6.122448979591836,6.122448979591836
Average Monthly Income (Baht),12642.96875,11876.363636363636,10816.0,14420.111420612813,14108.868894601543,12772.862540315598,1352.644486594529,10816.0,14420.111420612813,3604.111420612813
Catastrophic Health Spending (%),31.25,9.090909090909092,20.0,23.119777158774372,10.282776349614396,18.74869251985957,8.269212264847923,9.090909090909092,31.25,22.159090909090907
