Indicator,Suburban,Housing Estate,High-rise,Urban,Crowded,Mean,Std Dev,Min,Max,Range
Health Coverage Rate (%),97.54901960784314,100.0,98.52941176470588,97.26315789473684,98.74715261958997,98.41774837737516,0.9708001773557572,97.26315789473684,100.0,2.7368421052631646
Medical Skip due to Cost (%),7.8431372549019605,3.8461538461538463,0.0,7.7894736842105265,7.744874715261959,5.444727900105659,3.122222814236119,0.0,7.8431372549019605,7.8431372549019605
Dental Access Rate (%),59.61538461538461,0.0,80.0,63.59649122807017,58.88324873096447,52.41902491488385,27.301918963101485,0.0,80.0,80.0
