Indicator,Suburban,Housing Estate,High-rise,Urban,Crowded,Mean,Std Dev,Min,Max,Range
Alcohol Consumption (%),37.5,,,57.608695652173914,41.55844155844156,45.555712403538486,8.682301571385933,37.5,57.608695652173914,20.108695652173914
Tobacco Use (%),37.5,,,25.0,28.57142857142857,30.357142857142858,5.257000515671338,25.0,37.5,12.5
No Exercise (%),0.0,,,38.04347826086957,54.54545454545454,30.862977602108035,22.839605150927603,0.0,54.54545454545454,54.54545454545454
Abnormal BMI (%),37.5,,,38.04347826086957,46.75324675324675,40.76557500470543,4.239732843880557,37.5,46.75324675324675,9.25324675324675
