Indicator,Suburban,Housing Estate,High-rise,Urban,Crowded,Mean,Std Dev,Min,Max,Range
Feels Unsafe (%),4.242424242424243,0.0,4.081632653061225,3.058321479374111,15.24390243902439,5.325256162776794,5.188371891315776,0.0,15.24390243902439,15.24390243902439
Violence Experience (%),4.545454545454546,5.88235294117647,0.0,2.062588904694168,2.4390243902439024,2.9858841563138174,2.0439581767102575,0.0,5.88235294117647,5.88235294117647
Discrimination Experience (%),2.727272727272727,0.0,2.0408163265306123,1.0668563300142246,0.4355400696864111,1.254097090700795,1.0066804680962471,0.0,2.727272727272727,2.727272727272727
No Social Support (%),1.5151515151515151,5.88235294117647,2.0408163265306123,4.978662873399715,5.574912891986063,3.9983793096488753,1.8435966889820203,1.5151515151515151,5.88235294117647,4.367201426024955
