Indicator,Suburban,Housing Estate,High-rise,Urban,Crowded,Mean,Std Dev,Min,Max,Range
Health Coverage Rate (%),100.0,,,95.65217391304348,98.7012987012987,98.11782420478073,1.8223116796475984,95.65217391304348,100.0,4.347826086956516
Medical Skip due to Cost (%),0.0,,,9.782608695652174,11.688311688311687,7.156973461321287,5.120197119812268,0.0,11.688311688311687,11.688311688311687
Dental Access Rate (%),50.0,,,47.05882352941176,52.94117647058824,50.0,2.4014605321403737,47.05882352941176,52.94117647058824,5.882352941176478
