Indicator,Suburban,Housing Estate,High-rise,Urban,Crowded,Mean,Std Dev,Min,Max,Range
Unemployment Rate (%),12.5,,,8.695652173913043,18.181818181818183,13.125823451910408,3.897912058791179,8.695652173913043,18.181818181818183,9.48616600790514
Vulnerable Employment (%),57.14285714285714,,,70.23809523809523,60.317460317460316,62.56613756613756,5.577557841880424,57.14285714285714,70.23809523809523,13.095238095238088
Food Insecurity - Moderate (%),12.5,,,6.521739130434782,10.38961038961039,9.803783173348391,2.475519595509682,6.521739130434782,12.5,5.978260869565218
Food Insecurity - Severe (%),25.0,,,1.0869565217391304,9.090909090909092,11.725955204216072,9.938679091064342,1.0869565217391304,25.0,23.91304347826087
Average Monthly Income (Baht),12090.0,,,47802.17647058824,21518.23214285714,27136.802871148462,15111.05864013103,12090.0,47802.17647058824,35712.17647058824
Catastrophic Health Spending (%),25.0,,,17.647058823529413,10.714285714285714,17.787114845938376,5.832959222117311,10.714285714285714,25.0,14.285714285714286
