Indicator,Suburban,Housing Estate,High-rise,Urban,Crowded,Mean,Std Dev,Min,Max,Range
Health Coverage Rate (%),95.45454545454545,100.0,91.83673469387756,97.15504978662874,98.43205574912892,96.57567713683613,2.80079678011107,91.83673469387756,100.0,8.16326530612244
Medical Skip due to Cost (%),11.515151515151516,2.941176470588235,6.122448979591836,7.823613086770982,9.233449477351916,7.527167905890897,2.895093867931678,2.941176470588235,11.515151515151516,8.57397504456328
Dental Access Rate (%),48.64864864864865,0.0,50.0,73.43283582089552,60.633484162895925,46.54299372648802,24.916823508027246,0.0,73.43283582089552,73.43283582089552
