Indicator,Suburban,Housing Estate,High-rise,Urban,Crowded,Mean,Std Dev,Min,Max,Range
Alcohol Consumption (%),4.2105263157894735,,0.0,6.637168141592921,6.976744186046512,4.456109660857226,2.7851319086770867,0.0,6.976744186046512,6.976744186046512
Tobacco Use (%),10.526315789473683,,0.0,7.52212389380531,7.906976744186046,6.48885410686626,3.9206199358583005,0.0,10.526315789473683,10.526315789473683
No Exercise (%),63.1578947368421,,66.66666666666666,61.94690265486725,80.0,67.942866014594,7.173748871018884,61.94690265486725,80.0,18.05309734513275
Abnormal BMI (%),41.05263157894737,,50.0,41.77777777777778,54.20560747663551,46.75900420834016,5.552730393575762,41.05263157894737,54.20560747663551,13.152975897688137
