Indicator,Suburban,Housing Estate,High-rise,Urban,Crowded,Mean,Std Dev,Min,Max,Range
Home Ownership Rate (%),38.23529411764706,26.923076923076923,35.294117647058826,38.526315789473685,26.765375854214124,33.14883606629412,5.270677716019255,26.765375854214124,38.526315789473685,11.760939935259561
Water Access (%),100.0,100.0,100.0,99.89473684210526,99.31662870159454,99.84227310873996,0.26596533712555714,99.31662870159454,100.0,0.6833712984054614
Electricity Access (%),100.0,100.0,100.0,99.89473684210526,100.0,99.97894736842105,0.042105263157895936,99.89473684210526,100.0,0.10526315789473983
Housing Overcrowding (%),20.098039215686274,3.8461538461538463,14.705882352941178,31.894736842105264,65.94533029612755,27.29802851060282,21.33136694525776,3.8461538461538463,65.94533029612755,62.099176449973704
Disaster Experience (%),21.07843137254902,19.230769230769234,1.4705882352941175,14.947368421052632,25.854214123006834,16.516274276534368,8.29714426578878,1.4705882352941175,25.854214123006834,24.383625887712718
Pollution Exposure (%),33.82352941176471,30.76923076923077,83.82352941176471,42.31578947368421,51.025056947608206,48.35142720281052,19.08947720388419,30.76923076923077,83.82352941176471,53.05429864253394
Has Ramp/Accessibility (%),1.9607843137254901,26.923076923076923,4.411764705882353,9.263157894736842,3.986332574031891,9.309023282290699,9.127626013081386,1.9607843137254901,26.923076923076923,24.962292609351433
Has Public Recreation Space (%),25.98039215686275,50.0,29.411764705882355,36.63157894736842,28.35990888382688,34.07672893878808,8.718628469852643,25.98039215686275,50.0,24.01960784313725
Has Health Facility (%),5.392156862745098,3.8461538461538463,5.88235294117647,23.263157894736842,16.40091116173121,10.956946541308692,7.594226040753255,3.8461538461538463,23.263157894736842,19.417004048582996
