Domain,F-statistic,p-value,Significant (p<0.05),Levene p-value,Equal Variance
Economic Security,5.691130569213312,0.00014452973758492278,Yes,0.017626434985254312,No
Healthcare Access,4.520659217036711,0.0012063520127735489,Yes,0.0012063520127735489,No
Physical Environment,164.2936050709923,1.6980868780621537e-131,Yes,1.2363994900729823e-09,No
Social Context,29.947624125344337,1.259626189784009e-24,Yes,1.4103220818947343e-10,No
Health Behaviors,10.842143780404474,9.535057207347136e-09,Yes,0.0001401255433512241,No
Health Outcomes,9.49568097556633,1.2134886562716786e-07,Yes,7.180911235521949e-05,No
Education,23.917708153605485,1.324818354947235e-19,Yes,2.088987944186648e-08,No
