Indicator,Bangkok Avg,Suburban Community,Housing Estate,High-rise/Condo,Urban Community,Crowded Community,Gap
Alcohol Consumption (%),30.354131534569984,10.204081632653061,35.294117647058826,34.285714285714285,19.141588554514062,16.342412451361866,-7.300548620309566
Tobacco Use (%),19.040318871684807,11.873840445269018,15.686274509803921,14.285714285714285,11.593487913172176,15.56420233463035,-5.239614973966859
No Exercise (%),44.99463437068834,46.19666048237477,50.98039215686274,52.38095238095239,44.79526393685249,60.144524735964424,5.904924367913019
Abnormal BMI (%),51.72572480441786,46.38218923933209,49.01960784313725,55.23809523809524,43.57707509881423,47.99777530589544,-3.282776259363011
