Indicator,Suburban,Housing Estate,High-rise,Urban,Crowded,Mean,Std Dev,Min,Max,Range
Health Coverage Rate (%),86.31578947368422,,83.33333333333334,90.7079646017699,91.62790697674419,87.99624859638291,3.358164226886549,83.33333333333334,91.62790697674419,8.294573643410843
Medical Skip due to Cost (%),15.789473684210526,,0.0,15.929203539823009,18.13953488372093,12.464553026938617,7.256538461790108,0.0,18.13953488372093,18.13953488372093
Dental Access Rate (%),42.10526315789473,,,54.0,43.24324324324324,46.449502133712656,5.359182971950714,42.10526315789473,54.0,11.894736842105267
