Community Type,N,Economic Security Mean,Economic Security SD,Healthcare Access Mean,Healthcare Access SD,Physical Environment Mean,Physical Environment SD,Social Context Mean,Social Context SD,Health Behaviors Mean,Health Behaviors SD,Health Outcomes Mean,Health Outcomes SD,Education Mean,Education SD
Bangkok Average,6523,69.00153146818498,11.979290230555923,90.6740252440084,17.532954432801862,62.80788492002657,16.200844886595675,89.3029408758751,12.370359513220142,58.52461801829425,20.01873849943798,57.06538402575502,39.13284086203434,63.66625785681435,16.602974481415224
Suburban Community,539,66.31880353,11.06084902,90.59987631,19.55385471,63.52040816,18.24864398,94.01994434,6.935964374,63.59508349,17.77689177,53.82653061,38.38973082,54.183673469387756,15.342485193346269
Housing Estate,51,68.79085295,7.234780132,93.46405229,14.9363209,68.62745098,18.65909335,94.93627451,8.983728937,60.21405229,20.7472773,53.92156863,37.37397123,57.549019607843135,13.28053270842732
High-rise/Condo,105,68.88889105,11.6864903,96.19047619,14.84556231,63.65079365,10.29569561,96.82698413,7.69586392,57.62142857,21.53800255,64.88095238,35.69768387,61.476190476190474,13.245532801444385
Urban Community,2027,66.50016917,9.943284585,93.47146851,14.79717708,68.49202434,16.36809413,93.84287124,8.095847149,64.89302746,19.77006167,53.33621115,36.54447399,59.75579674395659,15.718308176738464
Crowded Community,1799,65.38586619,10.64112645,93.49638688,14.84307887,54.75958866,16.7992648,91.26991847,9.828915793,61.28858625,18.97864619,48.02668149,35.82799968,56.09783212896053,14.009903964368378
