Indicator,Suburban,Housing Estate,High-rise,Urban,Crowded,Mean,Std Dev,Min,Max,Range
Feels Unsafe (%),12.5,,,4.3478260869565215,10.38961038961039,9.079145492188971,3.4547043831715376,4.3478260869565215,12.5,8.152173913043478
Violence Experience (%),0.0,,,8.695652173913043,5.194805194805195,4.630152456239412,3.5723676760002405,0.0,8.695652173913043,8.695652173913043
Discrimination Experience (%),0.0,,,2.1739130434782608,1.2987012987012987,1.157538114059853,0.8930919190000601,0.0,2.1739130434782608,2.1739130434782608
No Social Support (%),12.5,,,2.1739130434782608,7.792207792207792,7.488706945228685,4.221066415926973,2.1739130434782608,12.5,10.326086956521738
