Indicator,Suburban,Housing Estate,High-rise,Urban,Crowded,Mean,Std Dev,Min,Max,Range
Feels Unsafe (%),3.1578947368421053,,16.666666666666664,2.6548672566371683,16.74418604651163,9.805903676664393,6.901868873595592,2.6548672566371683,16.74418604651163,14.089318789874461
Violence Experience (%),10.526315789473683,,0.0,2.2123893805309733,3.7209302325581395,4.114908850640699,3.9310753385698973,0.0,10.526315789473683,10.526315789473683
Discrimination Experience (%),0.0,,0.0,0.4424778761061947,1.3953488372093024,0.45945667832887427,0.5697331154366908,0.0,1.3953488372093024,1.3953488372093024
No Social Support (%),1.0526315789473684,,16.666666666666664,6.1946902654867255,5.116279069767442,7.257566895217051,5.7607985789651925,1.0526315789473684,16.666666666666664,15.614035087719296
