Indicator,Suburban,Housing Estate,High-rise,Urban,Crowded,Mean,Std Dev,Min,Max,Range
Unemployment Rate (%),93.6842105263158,,100.0,76.99115044247787,85.5813953488372,89.06418907940771,8.643273002158066,76.99115044247787,100.0,23.008849557522126
Vulnerable Employment (%),83.33333333333334,,,73.07692307692307,87.09677419354838,81.16901020126826,5.924653424354825,73.07692307692307,87.09677419354838,14.019851116625318
Food Insecurity - Moderate (%),6.315789473684211,,16.666666666666664,9.734513274336283,9.767441860465116,10.621102818788067,3.761626752164617,6.315789473684211,16.666666666666664,10.350877192982454
Food Insecurity - Severe (%),6.315789473684211,,16.666666666666664,6.637168141592921,7.906976744186046,9.381650256532462,4.24787624828486,6.315789473684211,16.666666666666664,10.350877192982454
Average Monthly Income (Baht),8666.666666666666,,,12194.871794871795,11081.481481481482,10647.673314339982,1472.6846236453669,8666.666666666666,12194.871794871795,3528.205128205129
Catastrophic Health Spending (%),33.33333333333333,,,38.46153846153847,18.51851851851852,30.10446343779677,8.455775608566787,18.51851851851852,38.46153846153847,19.943019943019948
