Indicator,Suburban,Housing Estate,High-rise,Urban,Crowded,Mean,Std Dev,Min,Max,Range
Home Ownership Rate (%),48.484848484848484,50.0,48.97959183673469,57.18349928876245,38.32752613240418,48.595093148549964,6.0219167853537465,38.32752613240418,57.18349928876245,18.855973156358267
Water Access (%),99.69696969696969,100.0,100.0,99.85775248933145,99.39024390243902,99.78899321774803,0.22858036073870602,99.39024390243902,100.0,0.6097560975609753
Electricity Access (%),99.69696969696969,100.0,100.0,99.92887624466572,99.82578397212544,99.89032598275216,0.11584060358915246,99.69696969696969,100.0,0.30303030303031164
Housing Overcrowding (%),19.696969696969695,8.823529411764707,10.204081632653061,26.173541963015644,64.54703832752612,25.889032206385842,20.34754570614312,8.823529411764707,64.54703832752612,55.723508915761414
Disaster Experience (%),36.06060606060606,41.17647058823529,6.122448979591836,18.421052631578945,19.77351916376307,24.31081948475504,12.716925266298531,6.122448979591836,41.17647058823529,35.05402160864345
Pollution Exposure (%),42.72727272727273,44.11764705882353,73.46938775510205,35.41963015647226,50.0,49.14678753953412,13.017327889916228,35.41963015647226,73.46938775510205,38.04975759862979
Has Ramp/Accessibility (%),1.5151515151515151,8.823529411764707,4.081632653061225,12.944523470839261,3.9198606271777,6.256939535598882,4.098526905403529,1.5151515151515151,12.944523470839261,11.429371955687746
Has Public Recreation Space (%),27.878787878787882,47.05882352941176,30.612244897959183,40.896159317211946,27.35191637630662,34.759586399935486,7.853001542566391,27.35191637630662,47.05882352941176,19.706907153105142
Has Health Facility (%),8.787878787878787,5.88235294117647,4.081632653061225,27.738264580369844,18.989547038327526,13.09593520016277,8.955280449507939,4.081632653061225,27.738264580369844,23.65663192730862
