Indicator,Suburban,Housing Estate,High-rise,Urban,Crowded,Mean,Std Dev,Min,Max,Range
Alcohol Consumption (%),15.196078431372548,42.30769230769231,42.64705882352941,29.894736842105264,22.66514806378132,30.542142893696173,10.79745358229846,15.196078431372548,42.64705882352941,27.450980392156865
Tobacco Use (%),14.215686274509803,23.076923076923077,19.11764705882353,18.10526315789474,21.867881548974943,19.276680223425217,3.1037828305121447,14.215686274509803,23.076923076923077,8.861236802413273
No Exercise (%),35.78431372549019,61.53846153846154,51.470588235294116,43.684210526315795,58.76993166287016,50.24950113768636,9.527582113489308,35.78431372549019,61.53846153846154,25.754147812971347
Abnormal BMI (%),48.529411764705884,42.30769230769231,55.88235294117647,43.684210526315795,46.46924829157175,47.374583166292446,4.771323507463797,42.30769230769231,55.88235294117647,13.574660633484164
