Indicator,Suburban,Housing Estate,High-rise,Urban,Crowded,Mean,Std Dev,Min,Max,Range
Unemployment Rate (%),0.0,0.0,0.0,0.0,0.0,0.0,0.0,0.0,0.0,0.0
Vulnerable Employment (%),96.07843137254902,96.15384615384616,95.58823529411765,93.78947368421052,95.21640091116174,95.36527748317701,0.8585407445519423,93.78947368421052,96.15384615384616,2.36437246963564
Food Insecurity - Moderate (%),5.392156862745098,3.8461538461538463,1.4705882352941175,6.210526315789474,4.555808656036446,4.295046783203797,1.6198629620126723,1.4705882352941175,6.210526315789474,4.739938080495357
Food Insecurity - Severe (%),3.431372549019608,3.8461538461538463,0.0,3.4736842105263155,3.530751708428246,2.856392462825603,1.4356195241806642,0.0,3.8461538461538463,3.8461538461538463
Average Monthly Income (Baht),12616.587301587302,14665.263157894737,16417.037037037036,16288.763358778626,14651.524064171123,14927.834983893767,1382.5343636804344,12616.587301587302,16417.037037037036,3800.4497354497344
Catastrophic Health Spending (%),27.77777777777778,5.263157894736842,18.51851851851852,16.946564885496183,10.962566844919785,15.893717184289823,7.570389699268697,5.263157894736842,27.77777777777778,22.514619883040936
