Indicator,Suburban,Housing Estate,High-rise,Urban,Crowded,Mean,Std Dev,Min,Max,Range
Chronic Disease Prevalence (%),89.47368421052632,,83.33333333333334,80.53097345132744,85.11627906976744,84.61356751623865,3.2473076174760704,80.53097345132744,89.47368421052632,8.942710759198874
Multiple Chronic Diseases (%),64.21052631578948,,50.0,50.442477876106196,58.139534883720934,55.69813476890415,5.884554222443727,50.0,64.21052631578948,14.21052631578948
