Indicator,Suburban,Housing Estate,High-rise,Urban,Crowded,Mean,Std Dev,Min,Max,Range
Home Ownership Rate (%),42.10526315789473,,16.666666666666664,38.49557522123894,24.186046511627907,30.36338788935706,10.365372935546253,16.666666666666664,42.10526315789473,25.43859649122807
Water Access (%),97.89473684210527,,100.0,100.0,98.6046511627907,99.124847001224,0.9104339976659029,97.89473684210527,100.0,2.1052631578947256
Electricity Access (%),98.94736842105263,,100.0,100.0,100.0,99.73684210526315,0.4558028440970736,98.94736842105263,100.0,1.05263157894737
Housing Overcrowding (%),18.947368421052634,,16.666666666666664,27.876106194690266,70.23255813953489,33.43067485548612,21.656580882544407,16.666666666666664,70.23255813953489,53.56589147286822
Disaster Experience (%),50.526315789473685,,16.666666666666664,23.008849557522122,18.13953488372093,27.085341724345852,13.735658916625086,16.666666666666664,50.526315789473685,33.85964912280702
Pollution Exposure (%),61.05263157894737,,33.33333333333333,37.610619469026545,52.093023255813954,46.0224019092803,11.11902415460971,33.33333333333333,61.05263157894737,27.71929824561404
Has Ramp/Accessibility (%),0.0,,0.0,8.849557522123893,2.3255813953488373,2.793784729368183,3.622915425026122,0.0,8.849557522123893,8.849557522123893
Has Public Recreation Space (%),21.052631578947366,,50.0,38.93805309734513,26.046511627906977,34.00929907604987,11.305710380339091,21.052631578947366,50.0,28.947368421052634
Has Health Facility (%),4.2105263157894735,,0.0,26.10619469026549,15.813953488372093,11.532668623606764,10.214368258324912,0.0,26.10619469026549,26.10619469026549
