Indicator,Suburban,Housing Estate,High-rise,Urban,Crowded,Mean,Std Dev,Min,Max,Range
Chronic Disease Prevalence (%),12.5,,,22.82608695652174,45.45454545454545,26.92687747035573,13.76257918312525,12.5,45.45454545454545,32.95454545454545
Multiple Chronic Diseases (%),12.5,,,7.608695652173914,16.883116883116884,12.330604178430265,3.788160811485823,7.608695652173914,16.883116883116884,9.27442123094297
