Indicator,Suburban,Housing Estate,High-rise,Urban,Crowded,Mean,Std Dev,Min,Max,Range
Chronic Disease Prevalence (%),82.12121212121211,85.29411764705883,83.6734693877551,74.67994310099573,82.05574912891987,81.56489827718833,3.6415979093473103,74.67994310099573,85.29411764705883,10.614174546063097
Multiple Chronic Diseases (%),57.878787878787875,47.05882352941176,34.69387755102041,47.01280227596017,53.57142857142857,48.04314396132175,7.842642748410783,34.69387755102041,57.878787878787875,23.18491032776747
