Indicator,Suburban,Housing Estate,High-rise,Urban,Crowded,Mean,Std Dev,Min,Max,Range
Feels Unsafe (%),3.9215686274509802,3.8461538461538463,0.0,3.3684210526315788,11.845102505694761,4.596249206386234,3.903761771171221,0.0,11.845102505694761,11.845102505694761
Violence Experience (%),2.941176470588235,7.6923076923076925,2.941176470588235,2.0,3.0751708428246016,3.729966295261753,2.018220433403397,2.0,7.6923076923076925,5.6923076923076925
Discrimination Experience (%),2.450980392156863,0.0,1.4705882352941175,1.1578947368421053,0.5694760820045558,1.1297878892595283,0.8310059562382549,0.0,2.450980392156863,2.450980392156863
No Social Support (%),1.9607843137254901,11.538461538461538,1.4705882352941175,5.263157894736842,7.517084282460136,5.550015252935625,3.723907629164374,1.4705882352941175,11.538461538461538,10.06787330316742
