Indicator,Bangkok Avg,Suburban Community,Housing Estate,High-rise/Condo,Urban Community,Crowded Community,Gap
Health Coverage Rate (%),97.19454238847156,94.8051948051948,100.0,95.23809523809523,96.44795263936852,98.16564758198999,-0.2631643355418589
Medical Skip due to Cost (%),14.977770964280241,11.317254174397032,3.9215686274509802,2.857142857142857,8.189442525900345,8.893829905503058,-7.941923346201385
Dental Access Rate (%),89.80530430783382,88.31168831168831,84.31372549019608,96.19047619047619,92.15589541193883,91.21734296831573,0.6325213666892182
