Indicator,Suburban,Housing Estate,High-rise,Urban,Crowded,Mean,Std Dev,Min,Max,Range
Alcohol Consumption (%),5.151515151515151,29.411764705882355,20.408163265306122,11.2375533428165,9.668989547038327,15.17559720251169,8.675959325202566,5.151515151515151,29.411764705882355,24.260249554367203
Tobacco Use (%),9.696969696969697,2.941176470588235,4.081632653061225,6.685633001422476,9.668989547038327,6.614880273815993,2.7837136259131303,2.941176470588235,9.696969696969697,6.755793226381462
No Exercise (%),53.03030303030303,44.11764705882353,63.26530612244898,42.95874822190612,59.40766550522648,52.555933987741625,8.064397847509609,42.95874822190612,63.26530612244898,20.306557900542863
Abnormal BMI (%),46.06060606060606,50.0,55.10204081632652,42.16524216524217,48.56146469049695,48.377870746534335,4.285929133628703,42.16524216524217,55.10204081632652,12.936798651084352
