Rank,District,N,Healthcare Access
1,1043,14,21.428571428571427
2,1031,8,27.083333333333336
3,1047,9,27.77777777777778
4,1010,16,30.208333333333336
5,1033,21,30.952380952380953
