Rank,District,N,Economic Security
1,1010,68,61.25926893600081
2,1024,58,62.482496061613865
3,1046,37,62.569899849087655
4,1033,38,62.82282482856889
5,1037,47,62.88659682471108
