Rank,District,N,Physical Environment
1,1005,32,37.890625
2,1029,13,40.064102564102555
3,1031,8,43.75
4,1011,8,43.75
5,1033,21,45.03968253968254
