Rank,District,N,Health Outcomes
1,1014,62,21.975806451612904
2,1031,42,22.321428571428573
3,1029,61,26.229508196721312
4,1012,47,26.595744680851062
5,1008,54,27.314814814814813
