Rank,District,N,Healthcare Access
1,1031,8,37.5
2,1038,9,40.74074074074074
3,1010,16,43.75
4,1018,12,47.22222222222223
5,1048,7,47.61904761904763
