population_group,Suburban Community,Housing Estate,High-rise/Condo,Urban Community,Crowded Community
Disabled,17.431192660550458,0.5504587155963303,1.1009174311926606,41.467889908256886,39.44954128440367
Elderly,10.127560881329725,1.2369540007730961,1.7394665635871664,48.58909934286819,38.30691921144182
General Population,20.07168458781362,0.7168458781362007,1.0752688172043012,31.54121863799283,46.59498207885305
Informal Workers,11.596958174904943,1.3307984790874523,4.657794676806084,41.34980988593156,41.06463878326996
LGBTQ+,6.896551724137931,0.0,3.4482758620689653,36.206896551724135,53.44827586206896
