population_group,Suburban Community,Housing Estate,High-rise/Condo,Urban Community,Crowded Community
Disabled,17.625231910946194,5.88235294117647,5.714285714285714,11.149481993093241,11.951083935519733
Elderly,48.608534322820034,62.745098039215684,42.857142857142854,62.01282683769117,55.086158977209564
General Population,10.38961038961039,3.9215686274509802,2.857142857142857,4.341391218549581,7.226236798221233
Informal Workers,22.634508348794064,27.450980392156865,46.666666666666664,21.460286137148497,24.013340744858255
LGBTQ+,0.7421150278293136,0.0,1.9047619047619049,1.0360138135175136,1.7231795441912174
