Indicator,Bangkok Avg,District 1010,District 1005,District 1046,District 1003,District 1004,Gap
Health Coverage Rate (%),0.0,0.0,0.0,0.0,0.0,0.0,0.0
Medical Skip due to Cost (%),10.245587106676899,17.647058823529413,27.500000000000004,18.91891891891892,27.083333333333332,13.461538461538462,10.676582800787129
Dental Access Rate (%),92.51726784343822,64.70588235294117,82.5,75.67567567567568,91.66666666666666,78.84615384615384,13.83839213515077
