Indicator,Bangkok Avg,District 1010,District 1024,District 1046,District 1033,District 1037,Gap
Unemployment Rate (%),57.828089025326165,80.88235294117648,62.06896551724138,64.86486486486487,52.63157894736842,48.93617021276596,4.048697471357251
Vulnerable Employment (%),30.76923076923077,92.3076923076923,95.45454545454545,69.23076923076923,94.44444444444444,91.66666666666666,57.851592851592855
Food Insecurity - Moderate (%),4.182655410590944,11.76470588235294,12.068965517241379,16.216216216216218,10.526315789473683,6.382978723404255,7.2091810151467515
Food Insecurity - Severe (%),2.8012279355333844,8.823529411764707,12.068965517241379,10.81081081081081,10.526315789473683,10.638297872340425,7.772355944792816
Work Injury Rate (%),4.182655410590944,8.823529411764707,8.620689655172415,5.405405405405405,5.263157894736842,10.638297872340425,3.567560637293014
Average Monthly Income (Baht),14965.473300970874,21000.0,14233.333333333334,10416.0,12187.5,14447.142857142857,508.6780628756351
Catastrophic Health Spending (%),13.228155339805825,50.0,20.0,30.0,12.5,0.0,9.271844660194175
