Indicator,Bangkok Avg,District 1010,District 1049,District 1046,District 1005,District 1006,Gap
Health Coverage Rate (%),98.19646968534151,95.58823529411765,98.33333333333333,86.48648648648648,100.0,100.0,2.1148586625540133
Medical Skip due to Cost (%),10.245587106676899,17.647058823529413,23.333333333333332,18.91891891891892,27.500000000000004,20.930232558139537,11.420321620107343
Dental Access Rate (%),67.0608108108108,17.24137931034483,50.0,18.181818181818183,56.25,66.66666666666666,25.39283797904487
