Indicator,Bangkok Avg,District 1033,District 1039,District 1031,District 1034,District 1044,Gap
Alcohol Consumption (%),16.653875671527242,36.84210526315789,15.384615384615385,9.523809523809524,19.480519480519483,14.634146341463413,2.5191635271858956
Tobacco Use (%),8.787413660782809,28.947368421052634,25.64102564102564,14.285714285714285,7.792207792207792,19.51219512195122,10.448288591607506
No Exercise (%),47.467382962394474,73.68421052631578,64.1025641025641,73.80952380952381,66.23376623376623,70.73170731707317,22.24497143545414
Abnormal BMI (%),45.622119815668206,57.89473684210527,51.28205128205128,54.761904761904766,33.76623376623377,46.34146341463415,3.1871581977176433
