Indicator,Bangkok Avg,District 1010,District 1005,District 1046,District 1003,District 1004,Gap
Health Coverage Rate (%),98.19646968534151,95.58823529411765,100.0,86.48648648648648,97.91666666666666,94.23076923076923,3.3520381497335165
Medical Skip due to Cost (%),10.245587106676899,17.647058823529413,27.500000000000004,18.91891891891892,27.083333333333332,13.461538461538462,10.676582800787129
Dental Access Rate (%),92.51726784343822,64.70588235294117,82.5,75.67567567567568,91.66666666666666,78.84615384615384,13.83839213515077
