Population Group,Total N,Total %,Suburban Community N,Suburban Community %,Housing Estate N,Housing Estate %,High-rise/Condo N,High-rise/Condo %,Urban Community N,Urban Community %,Crowded Community N,Crowded Community %
Disabled,545,12.05218929677134,95,17.431192660550458,3,0.5504587155963303,6,1.1009174311926606,226,41.467889908256886,215,39.44954128440367
Elderly,2587,57.209199469261385,262,10.127560881329725,32,1.2369540007730961,45,1.7394665635871664,1257,48.58909934286819,991,38.30691921144182
General Population,279,6.169836355594869,56,20.07168458781362,2,0.7168458781362007,3,1.0752688172043012,88,31.54121863799283,130,46.59498207885305
Informal Workers,1053,23.286156567890316,122,11.585944919278253,14,1.3295346628679963,49,4.653371320037987,435,41.31054131054131,432,41.02564102564102
LGBTQ+,58,1.2826183104820876,4,6.896551724137931,0,0.0,2,3.4482758620689653,21,36.206896551724135,31,53.44827586206896
