population_group,n,percentage,mean_age,disease_prevalence,smoking_rate,drinking_rate,exercise_rate,food_insecurity,violence_exposure,discrimination,mean_income,skipped_medical
General Population,1315,20.159435842403802,35.97034220532319,34.90494296577947,86.61596958174906,82.12927756653993,107.60456273764258,13.688212927756654,6.083650190114068,3.7262357414448664,30543.40594059406,16.045627376425855
Elderly (60+),2986,45.77648321324544,72.39115874079036,78.73409243134628,36.87206965840589,49.06229068988613,80.17414601473544,4.655056932350972,0.7032819825853985,1.1386470194239784,14770.220162224798,11.419959812458139
LGBT+ Community,685,10.501303081404261,33.801459854014595,38.68613138686132,93.86861313868613,82.91970802919708,100.87591240875912,20.0,13.138686131386862,6.2773722627737225,25368.53711790393,28.759124087591243
People with Disabilities,638,9.780775716694773,69.73667711598746,76.64576802507837,52.03761755485894,62.539184952978054,54.54545454545454,10.815047021943574,2.664576802507837,1.8808777429467085,20252.17105263158,20.532915360501566
Informal Workers,2645,40.548827226736165,53.632514177693764,51.22873345935728,69.26275992438563,63.40264650283554,84.57466918714556,7.221172022684311,2.381852551984877,2.003780718336484,18810.1611328125,14.933837429111533
