Population Group,N,Economic Security Mean,Economic Security SD,Healthcare Access Mean,Healthcare Access SD,Physical Environment Mean,Physical Environment SD,Social Context Mean,Social Context SD,Health Behaviors Mean,Health Behaviors SD,Health Outcomes Mean,Health Outcomes SD,Education Mean,Education SD
Disabled,638,64.97609678167272,11.91866187943679,40.229885057471265,20.579790737172548,59.36520376175549,17.99112395667904,90.84992163009403,11.148741109602154,59.55080982236154,17.625630628618172,39.20454545454545,36.302511567521094,51.9435736677116,20.46826309498319
Elderly,2606,66.10674182639859,9.362840902617531,46.783064722435405,16.08048507434725,64.20919672550524,18.08865873284702,92.83659503709387,8.96699616064099,65.43275134305449,18.445438105399877,39.54336147352264,35.438645326265195,57.53453568687644,14.145993412249615
General Population,1315,77.30647967301151,13.610807279556443,44.29657794676806,19.259680103402843,63.121039290240816,12.94302898311892,84.66242078580481,14.064477779300406,52.90830164765526,19.379793552294124,75.99809885931559,33.296784407791876,75.52851711026616,12.856555210066151
Informal Workers,1549,67.82316989815305,8.550936063059003,44.10372283193457,18.758019143123974,61.38906821605335,15.037255443972851,88.96868947708195,12.85411391730872,53.369593285990945,20.487826055220484,73.28114912846998,35.49729537660494,65.47772756617171,13.81647862991201
LGBTQ+,415,71.45050573113122,17.865984413535084,35.98393574297189,23.47780310405822,63.604417670682736,12.599741578578913,80.68694779116464,15.50514144726896,50.60481927710843,19.078239096649327,74.03614457831326,33.38086017614853,75.8433734939759,11.89358633249257
